"ABIRLANUVO 30-JUL-15",1793.15,BUY,3,4035
"ABIRLANUVO 27-AUG-15",1795.15,BUY,3,4040
"ABIRLANUVO 24-SEP-15",1821.2,BUY,3,4098
"ACC 30-JUL-15",1434.4,BUY,3,3228
"ACC 27-AUG-15",1438.65,BUY,3,3237
"ACC 24-SEP-15",1472.55,BUY,3,3314
"ADANIENT 30-JUL-15",91.15,BUY,3,1800
"ADANIENT 27-AUG-15",90.95,BUY,3,1800
"ADANIENT 24-SEP-15",92.65,BUY,3,1800
"ADANIPORTS 30-JUL-15",309,BUY,3,5562
"ADANIPORTS 27-AUG-15",311.15,BUY,3,5601
"ADANIPORTS 24-SEP-15",313.9,BUY,3,5651
"ADANIPOWER 30-JUL-15",29.4,BUY,3,8320
"ADANIPOWER 27-AUG-15",29.55,BUY,3,8348
"ADANIPOWER 24-SEP-15",29.8,BUY,3,8440
"AJANTPHARM 30-JUL-15",1574.5,BUY,3,7086
"AJANTPHARM 27-AUG-15",1589.45,BUY,3,7153
"AJANTPHARM 24-SEP-15",1599.4,BUY,3,7198
"ALBK 30-JUL-15",87.15,BUY,3,7200
"ALBK 27-AUG-15",87.8,BUY,3,7200
"ALBK 24-SEP-15",88.45,BUY,3,7200
"AMARAJABAT 30-JUL-15",885.4,BUY,3,3985
"AMARAJABAT 27-AUG-15",894.85,BUY,3,4027
"AMARAJABAT 24-SEP-15",900.5,BUY,3,4053
"AMBUJACEM 30-JUL-15",229.1,BUY,3,4124
"AMBUJACEM 27-AUG-15",230.15,BUY,3,4143
"AMBUJACEM 24-SEP-15",234.35,BUY,3,4219
"AMTEKAUTO 30-JUL-15",160.05,BUY,3,7200
"AMTEKAUTO 27-AUG-15",161.4,BUY,3,7200
"AMTEKAUTO 24-SEP-15",162.3,BUY,3,7200
"ANDHRABANK 30-JUL-15",68.3,BUY,3,13508
"ANDHRABANK 27-AUG-15",68.9,BUY,3,13229
"ANDHRABANK 24-SEP-15",69.35,BUY,3,13316
"APOLLOHOSP 30-JUL-15",1315.95,BUY,3,5922
"APOLLOHOSP 27-AUG-15",1333.1,BUY,3,5999
"APOLLOHOSP 24-SEP-15",1341.45,BUY,3,6037
"APOLLOTYRE 30-JUL-15",169.55,BUY,3,7200
"APOLLOTYRE 27-AUG-15",168.35,BUY,3,7200
"APOLLOTYRE 24-SEP-15",173.55,BUY,3,7200
"ARVIND 30-JUL-15",268.05,BUY,3,4825
"ARVIND 27-AUG-15",267.45,BUY,3,4815
"ARVIND 24-SEP-15",274.1,BUY,3,4934
"ASHOKLEY 30-JUL-15",72.75,BUY,3,13515
"ASHOKLEY 27-AUG-15",73.05,BUY,3,13588
"ASHOKLEY 24-SEP-15",73.95,BUY,3,13702
"ASIANPAINT 30-JUL-15",757.45,BUY,3,3409
"ASIANPAINT 27-AUG-15",760.1,BUY,3,3421
"ASIANPAINT 24-SEP-15",770,BUY,3,3465
"AUROPHARMA 30-JUL-15",1453.9,BUY,3,6543
"AUROPHARMA 27-AUG-15",1462.9,BUY,3,6584
"AUROPHARMA 24-SEP-15",1480.15,BUY,3,6661
"AXISBANK 30-JUL-15",557.1,BUY,3,5014
"AXISBANK 27-AUG-15",560.45,BUY,3,5045
"AXISBANK 24-SEP-15",569.8,BUY,3,5129
"BAJAJ-AUTO 30-JUL-15",2499.05,BUY,3,5623
"BAJAJ-AUTO 27-AUG-15",2510.85,BUY,3,5650
"BAJAJ-AUTO 24-SEP-15",2591.2,BUY,3,5831
"BAJFINANCE 30-JUL-15",5404.8,BUY,3,12161
"BAJFINANCE 27-AUG-15",5514.3,BUY,3,12408
"BAJFINANCE 24-SEP-15",5548.85,BUY,3,12485
"BANKBARODA 30-JUL-15",144.65,BUY,3,7200
"BANKBARODA 27-AUG-15",145.1,BUY,3,7200
"BANKBARODA 24-SEP-15",146.95,BUY,3,7200
"BANKINDIA 30-JUL-15",167.15,BUY,3,3600
"BANKINDIA 27-AUG-15",168.15,BUY,3,3600
"BANKINDIA 24-SEP-15",174.75,BUY,3,3600
"BANKNIFTY 30-JUL-15",18295.95,BUY,3,8234
"BANKNIFTY 27-AUG-15",18375.25,BUY,3,8269
"BANKNIFTY 24-SEP-15",18463,BUY,3,8309
"BATAINDIA 30-JUL-15",1055.45,BUY,3,4750
"BATAINDIA 27-AUG-15",1060.65,BUY,3,4773
"BATAINDIA 24-SEP-15",1078.2,BUY,3,4852
"BEL 30-JUL-15",3383.8,BUY,3,7614
"BEL 27-AUG-15",3410.15,BUY,3,7673
"BEL 24-SEP-15",3431.5,BUY,3,7721
"BHARATFORG 30-JUL-15",1064,BUY,3,4788
"BHARATFORG 27-AUG-15",1069.05,BUY,3,4811
"BHARATFORG 24-SEP-15",1083.85,BUY,3,4878
"BHARTIARTL 30-JUL-15",422.15,BUY,3,7599
"BHARTIARTL 27-AUG-15",422.25,BUY,3,7601
"BHARTIARTL 24-SEP-15",424,BUY,3,7632
"BHEL 30-JUL-15",247.45,BUY,3,4455
"BHEL 27-AUG-15",245.65,BUY,3,4422
"BHEL 24-SEP-15",244.3,BUY,3,4398
"BIOCON 30-JUL-15",463.35,BUY,3,4171
"BIOCON 27-AUG-15",465.55,BUY,3,4190
"BIOCON 24-SEP-15",470.05,BUY,3,4231
"BOSCHLTD 30-JUL-15",21931.8,BUY,3,49347
"BOSCHLTD 27-AUG-15",22136.8,BUY,3,49808
"BOSCHLTD 24-SEP-15",22275.45,BUY,3,50120
"BPCL 30-JUL-15",881.65,BUY,3,7935
"BPCL 27-AUG-15",884.85,BUY,3,7964
"BPCL 24-SEP-15",869,BUY,3,7821
"BRITANNIA 30-JUL-15",2759.75,BUY,3,6210
"BRITANNIA 27-AUG-15",2770.95,BUY,3,6235
"BRITANNIA 24-SEP-15",2816.45,BUY,3,6338
"CAIRN 30-JUL-15",178.45,BUY,3,3600
"CAIRN 27-AUG-15",179.8,BUY,3,3600
"CAIRN 24-SEP-15",185.1,BUY,3,3600
"CANBK 30-JUL-15",279.25,BUY,3,5027
"CANBK 27-AUG-15",280.35,BUY,3,5047
"CANBK 24-SEP-15",283.25,BUY,3,5099
"CASTROLIND 30-JUL-15",435.45,BUY,3,3920
"CASTROLIND 27-AUG-15",439.3,BUY,3,3954
"CASTROLIND 24-SEP-15",442.05,BUY,3,3979
"CEATLTD 30-JUL-15",664.6,BUY,3,5982
"CEATLTD 27-AUG-15",660.85,BUY,3,5948
"CEATLTD 24-SEP-15",661.85,BUY,3,5957
"CENTURYTEX 30-JUL-15",703.35,BUY,3,6331
"CENTURYTEX 27-AUG-15",707,BUY,3,6363
"CENTURYTEX 24-SEP-15",718.9,BUY,3,6471
"CESC 30-JUL-15",552.7,BUY,3,4975
"CESC 27-AUG-15",556.05,BUY,3,5005
"CESC 24-SEP-15",569.6,BUY,3,5127
"CIPLA 30-JUL-15",618.5,BUY,3,5567
"CIPLA 27-AUG-15",620.65,BUY,3,5586
"CIPLA 24-SEP-15",627.35,BUY,3,5647
"CNXINFRA 30-JUL-15",3275.9,BUY,3,0
"CNXINFRA 27-AUG-15",3296.8,BUY,3,0
"CNXINFRA 24-SEP-15",3317.45,BUY,3,0
"CNXIT 30-JUL-15",11056.05,BUY,3,0
"CNXIT 27-AUG-15",11116.2,BUY,3,0
"CNXIT 24-SEP-15",11132.05,BUY,3,0
"CNXPSE 30-JUL-15",3543.75,BUY,3,0
"CNXPSE 27-AUG-15",3566.35,BUY,3,0
"CNXPSE 24-SEP-15",3588.7,BUY,3,0
"COALINDIA 30-JUL-15",423.45,BUY,3,7623
"COALINDIA 27-AUG-15",425.7,BUY,3,7663
"COALINDIA 24-SEP-15",429.45,BUY,3,7731
"COLPAL 30-JUL-15",2046,BUY,3,4604
"COLPAL 27-AUG-15",2051.55,BUY,3,4616
"COLPAL 24-SEP-15",2079.25,BUY,3,4679
"CROMPGREAV 30-JUL-15",162.75,BUY,3,7200
"CROMPGREAV 27-AUG-15",163.2,BUY,3,7200
"CROMPGREAV 24-SEP-15",165.65,BUY,3,7200
"DABUR 30-JUL-15",281.15,BUY,3,5061
"DABUR 27-AUG-15",283.75,BUY,3,5108
"DABUR 24-SEP-15",285.55,BUY,3,5140
"DHFL 30-JUL-15",421.3,BUY,3,3792
"DHFL 27-AUG-15",423,BUY,3,3807
"DHFL 24-SEP-15",429.1,BUY,3,3862
"DISHTV 30-JUL-15",106.9,BUY,3,14400
"DISHTV 27-AUG-15",107.5,BUY,3,14400
"DISHTV 24-SEP-15",108.45,BUY,3,14400
"DIVISLAB 30-JUL-15",1871.8,BUY,3,4212
"DIVISLAB 27-AUG-15",1874,BUY,3,4217
"DIVISLAB 24-SEP-15",1916.25,BUY,3,4312
"DJIA 17-JUL-15",17670,BUY,3,0
"DJIA 21-AUG-15",17802.5,BUY,3,0
"DJIA 18-SEP-15",17915,BUY,3,0
"DJIA 18-DEC-15",18282.5,BUY,3,0
"DJIA 18-MAR-16",18657.5,BUY,3,0
"DJIA 17-JUN-16",19040,BUY,3,0
"DLF 30-JUL-15",117.05,BUY,3,7200
"DLF 27-AUG-15",116,BUY,3,7200
"DLF 24-SEP-15",119.2,BUY,3,7200
"DRREDDY 30-JUL-15",3549.45,BUY,3,7987
"DRREDDY 27-AUG-15",3569.05,BUY,3,8031
"DRREDDY 24-SEP-15",3628.4,BUY,3,8164
"EICHERMOT 30-JUL-15",19621.6,BUY,3,44149
"EICHERMOT 27-AUG-15",19702.65,BUY,3,44331
"EICHERMOT 24-SEP-15",19966,BUY,3,44924
"ENGINERSIN 30-JUL-15",228.85,BUY,3,4120
"ENGINERSIN 27-AUG-15",230.4,BUY,3,4148
"ENGINERSIN 24-SEP-15",231.8,BUY,3,4173
"EXIDEIND 30-JUL-15",148.1,BUY,3,7200
"EXIDEIND 27-AUG-15",148.8,BUY,3,7200
"EXIDEIND 24-SEP-15",151.2,BUY,3,7200
"FEDERALBNK 30-JUL-15",148.1,BUY,3,7200
"FEDERALBNK 27-AUG-15",148.5,BUY,3,7200
"FEDERALBNK 24-SEP-15",150.7,BUY,3,7200
"FTSE100 17-JUL-15",6646,BUY,3,0
"FTSE100 21-AUG-15",6698,BUY,3,0
"FTSE100 18-SEP-15",6740,BUY,3,0
"FTSE100 18-DEC-15",6878,BUY,3,0
"FTSE100 18-MAR-16",7019,BUY,3,0
"FTSE100 17-JUN-16",7163,BUY,3,0
"GAIL 30-JUL-15",391.15,BUY,3,7041
"GAIL 27-AUG-15",388,BUY,3,6984
"GAIL 24-SEP-15",399.8,BUY,3,7197
"GLENMARK 30-JUL-15",998.05,BUY,3,4492
"GLENMARK 27-AUG-15",999.05,BUY,3,4496
"GLENMARK 24-SEP-15",1013.4,BUY,3,4561
"GMRINFRA 30-JUL-15",14.1,BUY,3,14463
"GMRINFRA 27-AUG-15",14.1,BUY,3,14485
"GMRINFRA 24-SEP-15",14.3,BUY,3,14568
"GODREJIND 30-JUL-15",352.2,BUY,3,6340
"GODREJIND 27-AUG-15",349.55,BUY,3,6292
"GODREJIND 24-SEP-15",362.6,BUY,3,6527
"GRASIM 30-JUL-15",3439.7,BUY,3,7740
"GRASIM 27-AUG-15",3447.95,BUY,3,7758
"GRASIM 24-SEP-15",3509.15,BUY,3,7896
"HAVELLS 30-JUL-15",281.6,BUY,3,5069
"HAVELLS 27-AUG-15",281.5,BUY,3,5067
"HAVELLS 24-SEP-15",288.15,BUY,3,5187
"HCLTECH 30-JUL-15",924.6,BUY,3,4161
"HCLTECH 27-AUG-15",928.45,BUY,3,4179
"HCLTECH 24-SEP-15",937.6,BUY,3,4220
"HDFC 30-JUL-15",1290.1,BUY,3,5806
"HDFC 27-AUG-15",1297,BUY,3,5837
"HDFC 24-SEP-15",1321.55,BUY,3,5947
"HDFCBANK 30-JUL-15",1064.25,BUY,3,4790
"HDFCBANK 27-AUG-15",1070.1,BUY,3,4816
"HDFCBANK 24-SEP-15",1087.85,BUY,3,4896
"HDIL 30-JUL-15",92.55,BUY,3,7200
"HDIL 27-AUG-15",92.85,BUY,3,7200
"HDIL 24-SEP-15",93.85,BUY,3,7200
"HEROMOTOCO 30-JUL-15",2530.15,BUY,3,5693
"HEROMOTOCO 27-AUG-15",2536.85,BUY,3,5708
"HEROMOTOCO 24-SEP-15",2572.4,BUY,3,5788
"HEXAWARE 30-JUL-15",256.25,BUY,3,4613
"HEXAWARE 27-AUG-15",256.5,BUY,3,4617
"HEXAWARE 24-SEP-15",260.4,BUY,3,4688
"HINDALCO 30-JUL-15",112.45,BUY,3,7200
"HINDALCO 27-AUG-15",113.05,BUY,3,7200
"HINDALCO 24-SEP-15",112.85,BUY,3,7200
"HINDPETRO 30-JUL-15",732.1,BUY,3,6589
"HINDPETRO 27-AUG-15",716.5,BUY,3,6449
"HINDPETRO 24-SEP-15",715,BUY,3,6435
"HINDUNILVR 30-JUL-15",920.7,BUY,3,4144
"HINDUNILVR 27-AUG-15",924.5,BUY,3,4161
"HINDUNILVR 24-SEP-15",934.45,BUY,3,4206
"HINDZINC 30-JUL-15",168,BUY,3,7200
"HINDZINC 27-AUG-15",169.3,BUY,3,7200
"HINDZINC 24-SEP-15",170.35,BUY,3,7200
"IBREALEST 30-JUL-15",57.4,BUY,3,14400
"IBREALEST 27-AUG-15",57.7,BUY,3,14400
"IBREALEST 24-SEP-15",58.15,BUY,3,14400
"IBULHSGFIN 30-JUL-15",623.55,BUY,3,5612
"IBULHSGFIN 27-AUG-15",620,BUY,3,5580
"IBULHSGFIN 24-SEP-15",634.5,BUY,3,5711
"ICICIBANK 30-JUL-15",309.6,BUY,3,5573
"ICICIBANK 27-AUG-15",311.35,BUY,3,5605
"ICICIBANK 24-SEP-15",313.5,BUY,3,5643
"IDBI 30-JUL-15",61.05,BUY,3,11385
"IDBI 27-AUG-15",60.75,BUY,3,11417
"IDBI 24-SEP-15",61.9,BUY,3,11514
"IDEA 30-JUL-15",176.6,BUY,3,7200
"IDEA 27-AUG-15",177.45,BUY,3,7200
"IDEA 24-SEP-15",179.6,BUY,3,7200
"IDFC 30-JUL-15",145.05,BUY,3,7200
"IDFC 27-AUG-15",145.65,BUY,3,7200
"IDFC 24-SEP-15",146.1,BUY,3,7200
"IFCI 30-JUL-15",25.95,BUY,3,9965
"IFCI 27-AUG-15",25.7,BUY,3,9845
"IFCI 24-SEP-15",26.3,BUY,3,10112
"IGL 30-JUL-15",420.15,BUY,3,3782
"IGL 27-AUG-15",423.25,BUY,3,3810
"IGL 24-SEP-15",425.9,BUY,3,3834
"INDIACEM 30-JUL-15",94.7,BUY,3,14400
"INDIACEM 27-AUG-15",95.25,BUY,3,14400
"INDIACEM 24-SEP-15",96.1,BUY,3,14400
"INDIAVIX 07-JUL-15",1698.25,BUY,3,0
"INDIAVIX 14-JUL-15",1698.25,BUY,3,21398
"INDIAVIX 21-JUL-15",1693.5,BUY,3,0
"INDUSINDBK 30-JUL-15",865.75,BUY,3,3896
"INDUSINDBK 27-AUG-15",864.95,BUY,3,3893
"INDUSINDBK 24-SEP-15",889.6,BUY,3,4004
"INFY 30-JUL-15",989.45,BUY,3,4453
"INFY 27-AUG-15",996.6,BUY,3,4485
"INFY 24-SEP-15",1003.45,BUY,3,4516
"IOB 30-JUL-15",36.95,BUY,3,13657
"IOB 27-AUG-15",37,BUY,3,13587
"IOB 24-SEP-15",37.8,BUY,3,13881
"IOC 30-JUL-15",387.1,BUY,3,6968
"IOC 27-AUG-15",386.25,BUY,3,6953
"IOC 24-SEP-15",392.9,BUY,3,7073
"IRB 30-JUL-15",234.3,BUY,3,4218
"IRB 27-AUG-15",234.4,BUY,3,4220
"IRB 24-SEP-15",238,BUY,3,4284
"ITC 30-JUL-15",316.7,BUY,3,5701
"ITC 27-AUG-15",318.7,BUY,3,5737
"ITC 24-SEP-15",321.25,BUY,3,5783
"JINDALSTEL 30-JUL-15",85.9,BUY,3,7200
"JINDALSTEL 27-AUG-15",86.85,BUY,3,7200
"JINDALSTEL 24-SEP-15",87.4,BUY,3,7200
"JISLJALEQS 30-JUL-15",67,BUY,3,14400
"JISLJALEQS 27-AUG-15",67.4,BUY,3,14400
"JISLJALEQS 24-SEP-15",68.15,BUY,3,14400
"JPASSOCIAT 30-JUL-15",11.2,BUY,3,9908
"JPASSOCIAT 27-AUG-15",11.25,BUY,3,9872
"JPASSOCIAT 24-SEP-15",11.4,BUY,3,9927
"JPPOWER 30-JUL-15",6.75,BUY,3,12205
"JPPOWER 27-AUG-15",6.8,BUY,3,12318
"JPPOWER 24-SEP-15",6.85,BUY,3,12315
"JSWENERGY 30-JUL-15",96.9,BUY,3,7200
"JSWENERGY 27-AUG-15",97.45,BUY,3,7200
"JSWENERGY 24-SEP-15",100.2,BUY,3,7200
"JSWSTEEL 30-JUL-15",864.15,BUY,3,3889
"JSWSTEEL 27-AUG-15",871.6,BUY,3,3923
"JSWSTEEL 24-SEP-15",889.15,BUY,3,4002
"JUBLFOOD 30-JUL-15",1866.1,BUY,3,8398
"JUBLFOOD 27-AUG-15",1881.75,BUY,3,8468
"JUBLFOOD 24-SEP-15",1893.55,BUY,3,8521
"JUSTDIAL 30-JUL-15",1271.95,BUY,3,5724
"JUSTDIAL 27-AUG-15",1285.45,BUY,3,5785
"JUSTDIAL 24-SEP-15",1293.5,BUY,3,5821
"KOTAKBANK 30-JUL-15",1381.6,BUY,3,6218
"KOTAKBANK 27-AUG-15",1384.65,BUY,3,6231
"KOTAKBANK 24-SEP-15",1412.65,BUY,3,6357
"KSCL 30-JUL-15",740.1,BUY,3,3331
"KSCL 27-AUG-15",745.7,BUY,3,3356
"KSCL 24-SEP-15",750.35,BUY,3,3377
"KTKBANK 30-JUL-15",140.6,BUY,3,7200
"KTKBANK 27-AUG-15",146.7,BUY,3,7200
"KTKBANK 24-SEP-15",147.6,BUY,3,7200
"L&TFH 30-JUL-15",65.4,BUY,3,12165
"L&TFH 27-AUG-15",65.85,BUY,3,12264
"L&TFH 24-SEP-15",67.3,BUY,3,12341
"LICHSGFIN 30-JUL-15",453.45,BUY,3,4082
"LICHSGFIN 27-AUG-15",450.75,BUY,3,4057
"LICHSGFIN 24-SEP-15",459.65,BUY,3,4137
"LT 30-JUL-15",1791.35,BUY,3,4031
"LT 27-AUG-15",1799.7,BUY,3,4050
"LT 24-SEP-15",1817.35,BUY,3,4090
"LUPIN 30-JUL-15",1882.45,BUY,3,4236
"LUPIN 27-AUG-15",1884.8,BUY,3,4241
"LUPIN 24-SEP-15",1922.6,BUY,3,4326
"M&M 30-JUL-15",1273.95,BUY,3,5733
"M&M 27-AUG-15",1280.45,BUY,3,5763
"M&M 24-SEP-15",1307.2,BUY,3,5883
"M&MFIN 30-JUL-15",277.05,BUY,3,4987
"M&MFIN 27-AUG-15",283.95,BUY,3,5112
"M&MFIN 24-SEP-15",285.75,BUY,3,5144
"MARUTI 30-JUL-15",4039.2,BUY,3,9089
"MARUTI 27-AUG-15",4043.9,BUY,3,9099
"MARUTI 24-SEP-15",4101.3,BUY,3,9228
"MCLEODRUSS 30-JUL-15",223.75,BUY,3,4028
"MCLEODRUSS 27-AUG-15",223.2,BUY,3,4018
"MCLEODRUSS 24-SEP-15",231.35,BUY,3,4165
"MINDTREE 30-JUL-15",1278.5,BUY,3,5754
"MINDTREE 27-AUG-15",1290.4,BUY,3,5807
"MINDTREE 24-SEP-15",1298.5,BUY,3,5844
"MOTHERSUMI 30-JUL-15",517.3,BUY,3,4656
"MOTHERSUMI 27-AUG-15",518.9,BUY,3,4671
"MOTHERSUMI 24-SEP-15",528.75,BUY,3,4759
"MRF 30-JUL-15",34322.85,BUY,3,77227
"MRF 27-AUG-15",34425,BUY,3,77457
"MRF 24-SEP-15",34893.75,BUY,3,78511
"NFTYMCAP50 30-JUL-15",3233.65,BUY,3,0
"NFTYMCAP50 27-AUG-15",3254.3,BUY,3,0
"NFTYMCAP50 24-SEP-15",3274.7,BUY,3,0
"NHPC 30-JUL-15",19.65,BUY,3,9818
"NHPC 27-AUG-15",19.9,BUY,3,9956
"NHPC 24-SEP-15",20,BUY,3,9980
"NIFTY 30-JUL-15",8377.8,BUY,3,3771
"NIFTY 27-AUG-15",8410.8,BUY,3,3785
"NIFTY 24-SEP-15",8449.05,BUY,3,3803
"NMDC 30-JUL-15",118.6,BUY,3,7200
"NMDC 27-AUG-15",118.15,BUY,3,7200
"NMDC 24-SEP-15",121,BUY,3,7200
"NTPC 30-JUL-15",138.3,BUY,3,7200
"NTPC 27-AUG-15",138.7,BUY,3,7200
"NTPC 24-SEP-15",138.25,BUY,3,7200
"OFSS 30-JUL-15",3784.5,BUY,3,8516
"OFSS 27-AUG-15",3829.35,BUY,3,8617
"OFSS 24-SEP-15",3853.3,BUY,3,8670
"OIL 30-JUL-15",449.4,BUY,3,4045
"OIL 27-AUG-15",452.65,BUY,3,4074
"OIL 24-SEP-15",455.45,BUY,3,4100
"ONGC 30-JUL-15",311.2,BUY,3,5602
"ONGC 27-AUG-15",312.9,BUY,3,5633
"ONGC 24-SEP-15",315.6,BUY,3,5681
"ORIENTBANK 30-JUL-15",168.7,BUY,3,3600
"ORIENTBANK 27-AUG-15",169.7,BUY,3,3600
"ORIENTBANK 24-SEP-15",171.05,BUY,3,3600
"PAGEIND 30-JUL-15",15214.95,BUY,3,34234
"PAGEIND 27-AUG-15",15312.05,BUY,3,34453
"PAGEIND 24-SEP-15",15407.95,BUY,3,34668
"PETRONET 30-JUL-15",183.85,BUY,3,7200
"PETRONET 27-AUG-15",182.25,BUY,3,7200
"PETRONET 24-SEP-15",190.65,BUY,3,7200
"PFC 30-JUL-15",257.35,BUY,3,4633
"PFC 27-AUG-15",258.6,BUY,3,4655
"PFC 24-SEP-15",261,BUY,3,4698
"PIDILITIND 30-JUL-15",553.2,BUY,3,4979
"PIDILITIND 27-AUG-15",557.6,BUY,3,5019
"PIDILITIND 24-SEP-15",561.1,BUY,3,5050
"PNB 30-JUL-15",137,BUY,3,7200
"PNB 27-AUG-15",136.9,BUY,3,7200
"PNB 24-SEP-15",137.05,BUY,3,7200
"POWERGRID 30-JUL-15",139.3,BUY,3,7200
"POWERGRID 27-AUG-15",139.95,BUY,3,7200
"POWERGRID 24-SEP-15",141.8,BUY,3,7200
"PTC 30-JUL-15",69.1,BUY,3,12737
"PTC 27-AUG-15",69.5,BUY,3,12877
"PTC 24-SEP-15",70.05,BUY,3,12862
"RCOM 30-JUL-15",62.35,BUY,3,14400
"RCOM 27-AUG-15",62.7,BUY,3,14400
"RCOM 24-SEP-15",63.3,BUY,3,14400
"RECLTD 30-JUL-15",276.1,BUY,3,4970
"RECLTD 27-AUG-15",277.7,BUY,3,4999
"RECLTD 24-SEP-15",280.5,BUY,3,5049
"RELCAPITAL 30-JUL-15",363.65,BUY,3,3273
"RELCAPITAL 27-AUG-15",364,BUY,3,3276
"RELCAPITAL 24-SEP-15",369.7,BUY,3,3328
"RELIANCE 30-JUL-15",1005.45,BUY,3,4525
"RELIANCE 27-AUG-15",1010.8,BUY,3,4549
"RELIANCE 24-SEP-15",1019.5,BUY,3,4588
"RELINFRA 30-JUL-15",388.15,BUY,3,3494
"RELINFRA 27-AUG-15",388.9,BUY,3,3501
"RELINFRA 24-SEP-15",396,BUY,3,3564
"RPOWER 30-JUL-15",45.1,BUY,3,9818
"RPOWER 27-AUG-15",45.4,BUY,3,9905
"RPOWER 24-SEP-15",45.75,BUY,3,9926
"S&P500 17-JUL-15",2069.75,BUY,3,0
"S&P500 21-AUG-15",2081.75,BUY,3,0
"S&P500 18-SEP-15",2094.75,BUY,3,0
"S&P500 18-DEC-15",2137.75,BUY,3,0
"S&P500 18-MAR-16",2181.5,BUY,3,0
"S&P500 17-JUN-16",2226.25,BUY,3,0
"SAIL 30-JUL-15",60.65,BUY,3,11238
"SAIL 27-AUG-15",59.75,BUY,3,11272
"SAIL 24-SEP-15",62.65,BUY,3,11353
"SBIN 30-JUL-15",263.9,BUY,3,4751
"SBIN 27-AUG-15",265.25,BUY,3,4775
"SBIN 24-SEP-15",267,BUY,3,4806
"SIEMENS 30-JUL-15",1356.25,BUY,3,6104
"SIEMENS 27-AUG-15",1362.5,BUY,3,6132
"SIEMENS 24-SEP-15",1375,BUY,3,6188
"SKSMICRO 30-JUL-15",469,BUY,3,4221
"SKSMICRO 27-AUG-15",471.45,BUY,3,4244
"SKSMICRO 24-SEP-15",475.75,BUY,3,4282
"SOUTHBANK 30-JUL-15",23.15,BUY,3,9701
"SOUTHBANK 27-AUG-15",24,BUY,3,10032
"SOUTHBANK 24-SEP-15",24.15,BUY,3,9859
"SRF 30-JUL-15",1236.8,BUY,3,5566
"SRF 27-AUG-15",1248.3,BUY,3,5618
"SRF 24-SEP-15",1256.15,BUY,3,5653
"SRTRANSFIN 30-JUL-15",851.7,BUY,3,3833
"SRTRANSFIN 27-AUG-15",856.2,BUY,3,3853
"SRTRANSFIN 24-SEP-15",870,BUY,3,3915
"STAR 30-JUL-15",1111.4,BUY,3,5002
"STAR 27-AUG-15",1117.35,BUY,3,5029
"STAR 24-SEP-15",1132.4,BUY,3,5096
"SUNPHARMA 30-JUL-15",877.9,BUY,3,3951
"SUNPHARMA 27-AUG-15",883.8,BUY,3,3978
"SUNPHARMA 24-SEP-15",888,BUY,3,3996
"SUNTV 30-JUL-15",283.45,BUY,3,2552
"SUNTV 27-AUG-15",281.55,BUY,3,2534
"SUNTV 24-SEP-15",288,BUY,3,2592
"SYNDIBANK 30-JUL-15",98.7,BUY,3,7200
"SYNDIBANK 27-AUG-15",99.3,BUY,3,7200
"SYNDIBANK 24-SEP-15",100.15,BUY,3,7200
"TATACHEM 30-JUL-15",422.8,BUY,3,3806
"TATACHEM 27-AUG-15",414.35,BUY,3,3730
"TATACHEM 24-SEP-15",429.05,BUY,3,3862
"TATACOMM 30-JUL-15",443.4,BUY,3,3991
"TATACOMM 27-AUG-15",445.05,BUY,3,4006
"TATACOMM 24-SEP-15",451.7,BUY,3,4066
"TATAGLOBAL 30-JUL-15",130.65,BUY,3,7200
"TATAGLOBAL 27-AUG-15",131.6,BUY,3,7200
"TATAGLOBAL 24-SEP-15",134.8,BUY,3,7200
"TATAMOTORS 30-JUL-15",434.25,BUY,3,3909
"TATAMOTORS 27-AUG-15",436.3,BUY,3,3927
"TATAMOTORS 24-SEP-15",442.6,BUY,3,3984
"TATAMTRDVR 30-JUL-15",262.1,BUY,3,4718
"TATAMTRDVR 27-AUG-15",263.7,BUY,3,4747
"TATAMTRDVR 24-SEP-15",265.75,BUY,3,4784
"TATAPOWER 30-JUL-15",73.15,BUY,3,13852
"TATAPOWER 27-AUG-15",73.6,BUY,3,13920
"TATAPOWER 24-SEP-15",75.6,BUY,3,14044
"TATASTEEL 30-JUL-15",298.05,BUY,3,5365
"TATASTEEL 27-AUG-15",299.95,BUY,3,5400
"TATASTEEL 24-SEP-15",301.65,BUY,3,5430
"TCS 30-JUL-15",2560.65,BUY,3,5762
"TCS 27-AUG-15",2571.5,BUY,3,5786
"TCS 24-SEP-15",2581,BUY,3,5808
"TECHM 30-JUL-15",474.2,BUY,3,4268
"TECHM 27-AUG-15",476.75,BUY,3,4291
"TECHM 24-SEP-15",479.35,BUY,3,4315
"TITAN 30-JUL-15",365.5,BUY,3,6579
"TITAN 27-AUG-15",366.05,BUY,3,6589
"TITAN 24-SEP-15",373.4,BUY,3,6722
"TVSMOTOR 30-JUL-15",243.9,BUY,3,4391
"TVSMOTOR 27-AUG-15",243.75,BUY,3,4388
"TVSMOTOR 24-SEP-15",248.85,BUY,3,4480
"UBL 30-JUL-15",939.65,BUY,3,4229
"UBL 27-AUG-15",946.45,BUY,3,4260
"UBL 24-SEP-15",952.35,BUY,3,4286
"UCOBANK 30-JUL-15",53.25,BUY,3,11579
"UCOBANK 27-AUG-15",53.5,BUY,3,11634
"UCOBANK 24-SEP-15",54.1,BUY,3,11738
"ULTRACEMCO 30-JUL-15",2983.1,BUY,3,6712
"ULTRACEMCO 27-AUG-15",2994.4,BUY,3,6738
"ULTRACEMCO 24-SEP-15",3051.45,BUY,3,6866
"UNIONBANK 30-JUL-15",148.05,BUY,3,7200
"UNIONBANK 27-AUG-15",148.75,BUY,3,7200
"UNIONBANK 24-SEP-15",150,BUY,3,7200
"UNITECH 30-JUL-15",8,BUY,3,13734
"UNITECH 27-AUG-15",8,BUY,3,13718
"UNITECH 24-SEP-15",8.1,BUY,3,13702
"UPL 30-JUL-15",534.75,BUY,3,4813
"UPL 27-AUG-15",536.7,BUY,3,4831
"UPL 24-SEP-15",546,BUY,3,4914
"VEDL 30-JUL-15",172.35,BUY,3,7200
"VEDL 27-AUG-15",173.45,BUY,3,7200
"VEDL 24-SEP-15",177.55,BUY,3,7200
"VOLTAS 30-JUL-15",314.1,BUY,3,5654
"VOLTAS 27-AUG-15",316.05,BUY,3,5689
"VOLTAS 24-SEP-15",321.45,BUY,3,5787
"WIPRO 30-JUL-15",541.05,BUY,3,4870
"WIPRO 27-AUG-15",543.95,BUY,3,4896
"WIPRO 24-SEP-15",557.3,BUY,3,5016
"WOCKPHARMA 30-JUL-15",1423.7,BUY,3,3204
"WOCKPHARMA 27-AUG-15",1429.75,BUY,3,3217
"WOCKPHARMA 24-SEP-15",1443.5,BUY,3,3248
"YESBANK 30-JUL-15",847.45,BUY,3,3814
"YESBANK 27-AUG-15",852.8,BUY,3,2559
"YESBANK 24-SEP-15",860.2,BUY,3,900
"ZEEL 30-JUL-15",365.8,BUY,3,3600
"ZEEL 27-AUG-15",372.7,BUY,3,3600
"ZEEL 24-SEP-15",375.05,BUY,3,3600
